rank,stock_id,name,close,vol_ratio,daily_return_pct,ma28_bias_pct,turnover_億,rsi14,inst_consec_days,yoy_revenue_pct,foreign_today,trust_today,foreign_3d,trust_3d,is_strong_confirm,is_early_breakout,total_score,early_score,composite_score,reject_reason,early_reject_reason
1,8150,南茂,67.0,2.3,6.35,11.07,26.38,64.1,15,23.1,5892228.0,14000.0,9395459.0,31000.0,True,True,97.68,61.45,78.84,通過,通過
2,3016,嘉晶,62.6,1.62,2.96,7.84,2.95,60.7,2,20.3,836724.0,0.0,1536592.0,0.0,True,True,24.78,80.51,53.76,通過,通過
3,4540,全球傳動,53.4,2.41,2.89,17.38,8.2,69.8,3,75.1,167920.0,0.0,3018920.0,0.0,True,True,43.68,57.15,50.68,通過,通過
4,2353,宏碁,27.5,1.65,0.92,0.77,7.33,53.6,3,2.1,314650.0,-392017.0,4056657.0,-560775.0,True,True,18.83,76.87,49.01,通過,通過
5,1605,華新,32.4,1.56,0.62,2.24,10.85,51.2,2,2.5,3724300.0,-983493.0,10132238.0,-955524.0,True,True,15.21,75.47,46.55,通過,通過
6,2376,技嘉,279.0,1.76,5.88,17.24,72.24,71.7,13,74.8,10583988.0,105575.0,11308397.0,485945.0,True,False,93.54,0.0,44.9,通過,未通過
7,3701,大眾控,64.3,2.03,3.71,8.63,9.17,58.7,2,-30.3,1050930.0,-1000.0,1890930.0,-12000.0,True,True,27.71,56.24,42.55,通過,通過
8,6282,康舒,51.0,3.0,1.19,8.52,52.91,58.6,0,17.3,-10158377.0,-22000.0,-6290785.0,-104000.0,False,True,0.0,57.15,29.72,未通過,通過
9,6271,同欣電,183.0,2.04,3.98,17.28,45.32,68.2,1,-4.6,-2797333.0,2878000.0,-2109078.0,2878000.0,True,True,33.88,20.32,26.83,通過,通過
10,2049,上銀,282.0,2.32,2.55,18.65,85.04,70.6,5,17.4,550365.0,5000.0,734544.0,32000.0,True,False,54.38,0.0,26.1,通過,未通過
11,1503,士電,194.0,1.59,0.26,-0.71,5.04,50.1,0,35.3,-251753.0,0.0,-215631.0,3000.0,False,True,0.0,49.86,25.93,未通過,通過
12,1519,華城,877.0,2.21,5.66,0.32,46.25,51.9,0,3.4,-655589.0,-18325.0,-758566.0,6350.0,False,True,0.0,48.77,25.36,未通過,通過
13,2312,金寶,23.4,1.88,3.08,2.19,6.06,52.4,0,-13.1,-1415150.0,-1485000.0,2847066.0,-1967000.0,False,True,0.0,47.61,24.76,未通過,通過
14,2498,宏達電,41.0,1.67,1.49,-0.08,4.64,49.2,0,-8.3,-1013234.0,-3000.0,604917.0,-10000.0,False,True,0.0,46.18,24.01,未通過,通過
15,6155,鈞寶,48.95,1.68,-1.21,7.64,3.2,56.2,0,6.5,-266000.0,0.0,-723340.0,0.0,False,True,0.0,45.87,23.85,未通過,通過
16,2375,凱美,85.9,1.69,0.82,7.49,7.54,58.2,0,2.7,-987000.0,0.0,-1989800.0,0.0,False,True,0.0,45.82,23.83,未通過,通過
17,2359,所羅門,115.5,1.64,0.87,1.2,2.82,51.1,0,-44.1,-489000.0,0.0,-261600.0,0.0,False,True,0.0,45.36,23.59,未通過,通過
18,6166,凌華,71.7,2.1,-0.83,16.96,3.69,72.2,5,28.8,1643300.0,0.0,2328369.0,0.0,True,False,48.14,0.0,23.11,通過,未通過
19,2454,聯發科,1790.0,1.93,4.07,8.89,412.85,65.0,5,12.9,4690766.0,264196.0,5251402.0,-118183.0,True,False,42.75,0.0,20.52,通過,未通過
20,6706,惠特,149.5,1.82,7.17,20.22,36.48,65.6,1,-59.6,2371588.0,0.0,3132213.0,0.0,True,False,40.23,0.0,19.31,通過,未通過
21,3044,健鼎,402.0,2.0,5.37,10.53,41.4,64.2,2,24.4,2093187.0,-701463.0,2487912.0,-945139.0,True,False,31.73,0.0,15.23,通過,未通過
22,8210,勤誠,992.0,1.56,3.23,10.71,54.39,62.6,2,44.7,-81767.0,108000.0,183012.0,799000.0,True,False,28.44,0.0,13.65,通過,未通過
23,1326,台化,50.4,1.21,-7.69,10.98,42.9,59.2,0,21.6,-18088652.0,-9206000.0,93741849.0,-7095000.0,False,False,0.0,0.0,0.0,未通過,未通過
24,1504,東元,62.2,1.22,0.81,-5.13,7.39,40.5,0,3.3,-2457040.0,-66000.0,-3240600.0,-430000.0,False,False,0.0,0.0,0.0,未通過,未通過
25,1312,國喬,14.45,1.79,-2.69,5.58,6.68,57.7,0,17.5,-1884000.0,0.0,16831000.0,0.0,False,False,0.0,0.0,0.0,未通過,未通過
26,1319,東陽,78.6,0.89,1.95,-5.99,2.41,34.2,1,-19.9,498000.0,-147051.0,-1349907.0,-963100.0,False,False,0.0,0.0,0.0,未通過,未通過
27,1727,中華化,57.1,0.48,-1.72,9.92,2.59,62.1,3,53.2,363000.0,22485.0,1877327.0,12485.0,False,False,0.0,0.0,0.0,未通過,未通過
28,1717,長興,79.8,0.56,-1.48,22.59,59.4,70.2,0,5.4,-5319587.0,-6000.0,-8337786.0,594512.0,False,False,0.0,0.0,0.0,未通過,未通過
29,1711,永光,43.65,1.22,3.8,20.93,27.32,65.6,3,28.2,3950900.0,20000.0,-8730417.0,50000.0,False,False,0.0,0.0,0.0,未通過,未通過
30,1597,直得,115.5,2.64,-3.35,34.64,13.1,74.3,2,38.5,3052000.0,0.0,3156000.0,0.0,False,False,0.0,0.0,0.0,未通過,未通過
31,2059,川湖,3440.0,1.05,-0.15,2.27,23.05,53.0,1,38.9,-9067.0,12426.0,-335448.0,-43248.0,False,False,0.0,0.0,0.0,未通過,未通過
32,2105,正新,31.95,0.94,-1.69,5.0,3.44,57.7,0,7.2,-1392198.0,-103547.0,1550344.0,-178090.0,False,False,0.0,0.0,0.0,未通過,未通過
33,2002,中鋼,20.1,0.91,-1.95,3.1,8.28,55.0,0,-2.3,-1991834.0,-65983.0,49581318.0,-1762519.0,False,False,0.0,0.0,0.0,未通過,未通過
34,1802,台玻,69.2,1.43,1.47,20.31,191.22,66.8,3,16.4,27963556.0,0.0,106785768.0,22000.0,False,False,0.0,0.0,0.0,未通過,未通過
35,2301,光寶科,159.0,0.9,0.95,1.84,38.8,51.7,2,23.4,12234970.0,-2012537.0,4243376.0,-3706398.0,False,False,0.0,0.0,0.0,未通過,未通過
36,2303,聯電,62.1,1.27,4.02,4.71,89.73,56.1,1,4.9,43564053.0,-19062416.0,-19749152.0,-2706257.0,False,False,0.0,0.0,0.0,未通過,未通過
37,2305,全友,17.6,0.49,-1.68,13.59,0.73,59.4,1,74.9,341000.0,0.0,-340999.0,0.0,False,False,0.0,0.0,0.0,未通過,未通過
38,2308,台達電,1785.0,1.08,2.0,20.38,232.0,70.3,1,37.6,1623342.0,-63648.0,-802315.0,-533035.0,False,False,0.0,0.0,0.0,未通過,未通過
39,2313,華通,263.0,0.74,2.14,10.66,162.46,57.4,1,11.1,5826642.0,-953255.0,-24365450.0,-8465255.0,False,False,0.0,0.0,0.0,未通過,未通過
40,2316,楠梓電,115.5,0.7,-2.53,13.37,9.76,59.2,0,16.5,-2322243.0,0.0,-428993.0,-1000.0,False,False,0.0,0.0,0.0,未通過,未通過
41,2233,宇隆,229.0,0.91,-0.22,1.67,2.47,52.3,0,2.9,-50000.0,-1000.0,423775.0,-5000.0,False,False,0.0,0.0,0.0,未通過,未通過
42,2027,大成鋼,37.45,1.16,-2.6,0.43,11.64,49.6,0,25.1,-14480900.0,0.0,-13226353.0,44000.0,False,False,0.0,0.0,0.0,未通過,未通過
43,2324,仁寶,29.45,1.03,-0.17,-3.03,9.79,48.5,5,17.0,1865222.0,-6509451.0,20074997.0,-12758235.0,False,False,0.0,0.0,0.0,未通過,未通過
44,2317,鴻海,207.5,1.31,0.0,1.34,149.32,52.4,3,45.6,2932308.0,-573640.0,28070993.0,-5062141.0,False,False,0.0,0.0,0.0,未通過,未通過
45,2327,國巨,322.0,1.21,3.21,20.18,247.5,70.2,9,22.8,4641533.0,1511059.0,37533687.0,7249420.0,False,False,0.0,0.0,0.0,未通過,未通過
46,2329,華泰,58.5,0.8,-0.85,8.32,11.95,58.2,0,10.1,-70380.0,-7000.0,8578401.0,-50000.0,False,False,0.0,0.0,0.0,未通過,未通過
47,2340,台亞,29.35,0.58,0.34,7.27,1.27,58.5,3,-10.2,772002.0,0.0,3383564.0,0.0,False,False,0.0,0.0,0.0,未通過,未通過
48,2344,華邦電,90.2,0.93,-3.53,-11.9,118.72,40.9,0,91.5,-25402040.0,-2115430.0,-23638545.0,-11196684.0,False,False,0.0,0.0,0.0,未通過,未通過
49,1513,中興電,150.5,1.49,-0.66,-1.91,6.65,45.3,0,4.8,-233517.0,-188000.0,-748822.0,-388000.0,False,False,0.0,0.0,0.0,未通過,未通過
50,1402,遠東新,26.5,1.06,0.38,-1.76,4.53,44.3,0,-3.3,-5063572.0,-110632.0,-13395000.0,-303.0,False,False,0.0,0.0,0.0,未通過,未通過
51,1528,恩德,30.35,1.47,9.96,24.94,12.93,70.7,3,30.9,11143000.0,-3000.0,13516701.0,-17000.0,False,False,0.0,0.0,0.0,未通過,未通過
52,1560,中砂,521.0,1.23,3.58,10.55,16.76,62.1,1,31.1,1386593.0,-155000.0,1348630.0,-231000.0,False,False,0.0,0.0,0.0,未通過,未通過
53,1590,亞德客-KY,1185.0,1.02,6.28,15.25,13.44,68.2,0,18.1,-326208.0,0.0,-302606.0,-6169.0,False,False,0.0,0.0,0.0,未通過,未通過
54,1476,儒鴻,340.5,1.48,-0.44,-3.8,7.02,43.3,0,5.5,-569083.0,-3361.0,-718314.0,-38543.0,False,False,0.0,0.0,0.0,未通過,未通過
55,1477,聚陽,215.0,0.9,-0.69,-16.98,2.88,21.3,0,-9.4,-249990.0,-62775.0,-95269.0,-311148.0,False,False,0.0,0.0,0.0,未通過,未通過
56,1216,統一,72.6,1.2,0.69,1.93,8.58,55.6,2,2.6,3234467.0,-1267770.0,3976377.0,-4168632.0,False,False,0.0,0.0,0.0,未通過,未通過
57,1303,南亞,88.5,1.12,-0.56,9.59,116.9,58.2,3,18.1,37368949.0,-5550559.0,101756171.0,-2560210.0,False,False,0.0,0.0,0.0,未通過,未通過
58,1304,台聚,15.35,0.81,-5.54,1.97,3.17,50.2,0,0.6,-1100550.0,0.0,1706270.0,0.0,False,False,0.0,0.0,0.0,未通過,未通過
59,2365,昆盈,34.55,1.42,0.58,4.26,2.64,57.2,0,2.6,-409010.0,0.0,-327009.0,0.0,False,False,0.0,0.0,0.0,未通過,未通過
60,2360,致茂,2020.0,0.68,9.78,27.56,58.09,70.2,4,63.5,-357891.0,272434.0,-2669192.0,1188673.0,False,False,0.0,0.0,0.0,未通過,未通過
61,2357,華碩,584.0,1.26,0.69,3.1,24.5,59.9,0,33.8,-824064.0,-72872.0,-1880951.0,-38117.0,False,False,0.0,0.0,0.0,未通過,未通過
62,2356,英業達,44.45,1.07,-0.34,4.35,9.81,57.7,5,47.1,6229232.0,-2625562.0,19761460.0,-6247999.0,False,False,0.0,0.0,0.0,未通過,未通過
63,2351,順德,121.0,0.71,-1.63,21.73,6.98,68.9,1,11.9,1449000.0,0.0,1695342.0,0.0,False,False,0.0,0.0,0.0,未通過,未通過
64,2369,菱生,31.4,0.7,-2.03,4.7,3.82,54.7,3,33.4,463146.0,0.0,2008201.0,0.0,False,False,0.0,0.0,0.0,未通過,未通過
65,2371,大同,32.05,0.92,0.31,1.02,4.97,48.3,2,8.4,3812710.0,-81000.0,2211573.0,-121351.0,False,False,0.0,0.0,0.0,未通過,未通過
66,2367,燿華,72.1,0.41,0.14,-0.63,24.51,52.2,1,-15.2,189218.0,-11000.0,-4831525.0,-79000.0,False,False,0.0,0.0,0.0,未通過,未通過
67,2379,瑞昱,525.0,1.18,0.19,7.79,19.76,66.3,4,4.5,2215907.0,-425910.0,4030085.0,-629277.0,False,False,0.0,0.0,0.0,未通過,未通過
68,2382,廣達,308.5,1.09,-4.49,5.48,107.41,57.8,0,88.4,-8943400.0,-1351398.0,-6333386.0,-1811275.0,False,False,0.0,0.0,0.0,未通過,未通過
69,2383,台光電,3810.0,1.24,5.69,34.43,151.34,75.3,2,56.6,97029.0,-56464.0,256145.0,-254682.0,False,False,0.0,0.0,0.0,未通過,未通過
70,2385,群光,125.0,1.21,0.81,1.57,4.46,57.6,1,3.9,1054699.0,-206353.0,232714.0,192903.0,False,False,0.0,0.0,0.0,未通過,未通過
71,2388,威盛,62.4,2.27,9.86,20.83,13.71,69.5,3,69.4,4383935.0,0.0,8666208.0,-3000.0,False,False,0.0,0.0,0.0,未通過,未通過
72,2395,研華,348.0,1.11,1.16,2.29,9.8,58.1,6,21.8,1040964.0,-245465.0,2731924.0,-1380016.0,False,False,0.0,0.0,0.0,未通過,未通過
73,2374,佳能,71.8,1.24,-0.28,1.95,3.53,51.3,0,92.2,-635294.0,0.0,-665920.0,0.0,False,False,0.0,0.0,0.0,未通過,未通過
74,2368,金像電,1165.0,1.16,1.3,24.08,109.17,70.0,7,63.1,391108.0,388339.0,1238446.0,368616.0,False,False,0.0,0.0,0.0,未通過,未通過
75,2402,毅嘉,72.4,0.95,0.0,34.55,26.46,77.0,0,13.5,-3670779.0,-4000.0,15892104.0,3559000.0,False,False,0.0,0.0,0.0,未通過,未通過
76,2404,漢唐,910.0,0.67,-0.55,-3.46,25.95,47.8,1,100.6,138541.0,-363000.0,-2714433.0,-435000.0,False,False,0.0,0.0,0.0,未通過,未通過
77,2408,南亞科,211.5,0.97,-3.86,-7.66,234.56,44.7,0,560.0,-755163.0,-2479104.0,-33547949.0,-2540243.0,False,False,0.0,0.0,0.0,未通過,未通過
78,2406,國碩,33.05,1.8,3.44,-2.47,7.13,50.4,0,160.1,-227999.0,0.0,302001.0,0.0,False,False,0.0,0.0,0.0,未通過,未通過
79,2412,中華電,135.5,0.91,0.37,0.3,11.13,54.8,2,7.6,2131095.0,-727901.0,4125426.0,-3088548.0,False,False,0.0,0.0,0.0,未通過,未通過
80,2421,建準,141.0,1.0,-0.35,2.88,6.44,53.1,3,22.5,761976.0,252089.0,533870.0,246089.0,False,False,0.0,0.0,0.0,未通過,未通過
81,2426,鼎元,49.3,0.24,-6.81,38.38,3.34,69.2,1,-14.1,1314100.0,0.0,-2890.0,0.0,False,False,0.0,0.0,0.0,未通過,未通過
82,2409,友達,20.05,1.16,1.26,23.28,138.96,70.4,2,0.6,21037439.0,-40269.0,121113623.0,6868.0,False,False,0.0,0.0,0.0,未通過,未通過
83,2428,興勤,182.5,0.81,-1.35,12.8,3.73,64.6,1,11.3,36535.0,0.0,-1054026.0,-1000.0,False,False,0.0,0.0,0.0,未通過,未通過
84,2436,偉詮電,60.8,1.41,-3.95,-0.09,2.76,50.4,2,25.8,-224932.0,16000.0,-754932.0,51000.0,False,False,0.0,0.0,0.0,未通過,未通過
85,2449,京元電子,291.0,1.1,-3.32,1.16,85.69,51.8,0,36.1,-4924377.0,-1074281.0,-8209331.0,-344699.0,False,False,0.0,0.0,0.0,未通過,未通過
86,2441,超豐,88.7,0.99,-2.31,-0.78,6.81,47.7,1,14.3,469005.0,-11000.0,-2200418.0,-258000.0,False,False,0.0,0.0,0.0,未通過,未通過
87,2451,創見,248.0,0.61,-0.6,0.93,13.64,52.5,1,380.6,-79716.0,48212.0,495886.0,-535575.0,False,False,0.0,0.0,0.0,未通過,未通過
88,2455,全新,275.0,0.3,-1.96,10.48,9.95,57.7,2,16.6,110680.0,10000.0,-703229.0,560000.0,False,False,0.0,0.0,0.0,未通過,未通過
89,2399,映泰,37.05,1.37,9.94,21.55,8.67,63.1,1,-21.7,4626999.0,-3000.0,3943749.0,-20000.0,False,False,0.0,0.0,0.0,未通過,未通過
90,2377,微星,88.7,1.1,-0.22,-3.18,5.51,43.6,0,-11.9,-171338.0,-13000.0,-2581642.0,-10000.0,False,False,0.0,0.0,0.0,未通過,未通過
91,2464,盟立,74.3,1.38,-1.07,4.58,4.47,57.3,2,8.0,576100.0,0.0,1027494.0,0.0,False,False,0.0,0.0,0.0,未通過,未通過
92,2458,義隆,136.5,0.82,0.0,2.48,3.96,57.7,5,19.8,1384000.0,-337255.0,5139491.0,90085.0,False,False,0.0,0.0,0.0,未通過,未通過
93,2474,可成,200.0,1.01,1.27,5.94,4.24,67.1,2,-25.0,584164.0,-275085.0,818259.0,-561905.0,False,False,0.0,0.0,0.0,未通過,未通過
94,2467,志聖,510.0,0.28,-6.93,23.64,7.71,68.6,0,77.6,-260391.0,-56000.0,-139851.0,52000.0,False,False,0.0,0.0,0.0,未通過,未通過
95,2481,強茂,100.0,0.81,1.01,4.22,14.85,54.8,2,19.1,1134004.0,63000.0,3234621.0,-3036000.0,False,False,0.0,0.0,0.0,未通過,未通過
96,2484,希華,36.65,1.52,6.39,25.56,11.51,69.4,1,-4.6,-192000.0,246853.0,1557900.0,246853.0,False,False,0.0,0.0,0.0,未通過,未通過
97,2485,兆赫,79.9,1.04,2.04,11.62,54.4,61.7,7,200.1,1163977.0,8000.0,-5244773.0,22000.0,False,False,0.0,0.0,0.0,未通過,未通過
98,2472,立隆電,181.5,2.24,1.68,40.39,24.95,81.5,3,9.3,952014.0,-1000.0,1381014.0,-1000.0,False,False,0.0,0.0,0.0,未通過,未通過
99,2486,一詮,181.0,0.18,-5.48,18.3,6.74,62.1,2,20.1,287000.0,0.0,-1697919.0,74000.0,False,False,0.0,0.0,0.0,未通過,未通過
100,2489,瑞軒,42.25,0.15,-7.55,10.15,7.1,57.3,1,11.2,2138010.0,0.0,-20477919.0,0.0,False,False,0.0,0.0,0.0,未通過,未通過
101,2493,揚博,152.5,1.63,9.71,35.97,13.43,76.3,0,-6.2,-777000.0,-2000.0,1099143.0,-13000.0,False,False,0.0,0.0,0.0,未通過,未通過
102,2492,華新科,144.5,1.43,1.05,12.4,34.91,62.8,12,11.1,1123797.0,3000.0,8205887.0,112000.0,False,False,0.0,0.0,0.0,未通過,未通過
103,2495,普安,45.2,1.3,9.98,30.43,11.29,74.3,4,61.0,3765980.0,-3000.0,7278684.0,-28000.0,False,False,0.0,0.0,0.0,未通過,未通過
104,2603,長榮,203.0,1.22,1.0,-1.85,20.56,49.6,2,-17.9,2916820.0,-1238170.0,3258837.0,-2147908.0,False,False,0.0,0.0,0.0,未通過,未通過
105,2605,新興,35.7,1.55,-1.52,-8.38,6.22,41.1,0,34.7,-966.0,0.0,249962.0,0.0,False,False,0.0,0.0,0.0,未通過,未通過
106,2476,鉅祥,108.0,1.08,2.37,25.13,9.62,76.3,2,42.0,3732.0,0.0,1074020.0,0.0,False,False,0.0,0.0,0.0,未通過,未通過
107,2609,陽明,51.5,1.06,2.18,-6.69,9.56,39.9,0,-5.9,-964324.0,-75151.0,-13107541.0,-264181.0,False,False,0.0,0.0,0.0,未通過,未通過
108,2610,華航,18.25,1.0,0.0,-1.57,5.91,41.1,0,20.0,-5089191.0,-3776000.0,-18966331.0,-81000.0,False,False,0.0,0.0,0.0,未通過,未通過
109,2618,長榮航,34.75,1.46,-1.14,0.36,9.8,46.5,2,18.5,4306615.0,-7036652.0,5622421.0,-7784629.0,False,False,0.0,0.0,0.0,未通過,未通過
110,2615,萬海,77.6,1.13,1.84,-0.45,7.91,50.1,2,-10.7,4501568.0,-24851.0,4064506.0,-125693.0,False,False,0.0,0.0,0.0,未通過,未通過
111,2912,統一超,231.5,1.31,1.76,4.47,5.98,62.3,2,4.9,1041104.0,-66152.0,766825.0,-190304.0,False,False,0.0,0.0,0.0,未通過,未通過
112,3005,神基,97.5,1.19,-0.61,-15.92,4.74,27.4,1,-7.4,516775.0,-302000.0,-1577646.0,-685000.0,False,False,0.0,0.0,0.0,未通過,未通過
113,2330,台積電,2080.0,1.17,1.22,10.58,974.35,68.7,2,45.2,4825960.0,-52482.0,22505234.0,-4260742.0,False,False,0.0,0.0,0.0,未通過,未通過
114,2337,旺宏,142.0,1.3,-8.68,10.16,382.76,56.0,2,96.5,-42429928.0,718000.0,-26748387.0,3567000.0,False,False,0.0,0.0,0.0,未通過,未通過
115,2347,聯強,82.2,1.45,0.0,7.08,6.4,65.4,3,64.7,4197543.0,-2723060.0,6619097.0,-2822118.0,False,False,0.0,0.0,0.0,未通過,未通過
116,2345,智邦,1970.0,1.57,4.23,23.14,146.62,70.8,6,44.4,574759.0,438156.0,496701.0,702012.0,False,False,0.0,0.0,0.0,未通過,未通過
117,2355,敬鵬,51.5,0.42,-0.19,8.64,6.46,60.0,2,5.7,1318000.0,-41109.0,783298.0,-79214.0,False,False,0.0,0.0,0.0,未通過,未通過
118,1582,信錦,102.0,0.55,-0.49,7.85,5.37,58.3,0,-0.1,-6980.0,0.0,720929.0,269000.0,False,False,0.0,0.0,0.0,未通過,未通過
119,1309,台達化,21.25,0.7,-5.76,9.32,3.71,53.7,1,-8.4,1080050.0,0.0,-1133675.0,0.0,False,False,0.0,0.0,0.0,未通過,未通過
120,1301,台塑,52.3,0.8,-3.68,10.05,24.28,61.1,4,1.5,6379305.0,1197886.0,127043710.0,551435.0,False,False,0.0,0.0,0.0,未通過,未通過
121,1101,台泥,24.6,0.91,-2.77,1.86,8.36,51.9,0,-9.0,-12766348.0,-63000.0,-20626477.0,-148000.0,False,False,0.0,0.0,0.0,未通過,未通過
122,1102,亞泥,35.35,0.93,-0.56,1.5,3.18,52.8,0,-18.1,-3066074.0,-586477.0,-8337413.0,-1533317.0,False,False,0.0,0.0,0.0,未通過,未通過
123,3030,德律,308.0,0.56,1.65,17.23,17.8,69.1,0,14.7,-217949.0,-3000.0,-2697653.0,-22000.0,False,False,0.0,0.0,0.0,未通過,未通過
124,3028,增你強,62.9,1.15,-1.87,15.9,6.98,66.8,0,125.2,-1280294.0,0.0,172214.0,0.0,False,False,0.0,0.0,0.0,未通過,未通過
125,3026,禾伸堂,223.0,0.25,-2.83,59.06,8.07,82.6,0,0.1,-680662.0,-2000.0,-1901184.0,-5000.0,False,False,0.0,0.0,0.0,未通過,未通過
126,3023,信邦,268.5,1.02,0.19,6.04,3.49,58.3,7,7.5,811008.0,-364000.0,1355044.0,-574000.0,False,False,0.0,0.0,0.0,未通過,未通過
127,3019,亞光,127.0,1.61,-3.05,-0.75,6.05,46.9,0,12.3,-1673000.0,0.0,-1848412.0,0.0,False,False,0.0,0.0,0.0,未通過,未通過
128,3017,奇鋐,2325.0,0.9,0.65,14.85,76.06,64.7,3,111.7,-416747.0,170174.0,-671210.0,243104.0,False,False,0.0,0.0,0.0,未通過,未通過
129,3010,華立,135.0,0.52,0.0,6.11,1.34,61.4,1,23.7,298828.0,-46001.0,116883.0,-49002.0,False,False,0.0,0.0,0.0,未通過,未通過
130,3008,大立光,2820.0,2.05,5.62,21.5,120.31,76.3,0,10.8,-192057.0,-110015.0,966428.0,-285264.0,False,False,0.0,0.0,0.0,未通過,未通過
131,2731,雄獅,160.0,0.78,-0.93,-3.46,1.91,43.3,0,10.9,-443000.0,0.0,-2137891.0,-1000.0,False,False,0.0,0.0,0.0,未通過,未通過
132,3006,晶豪科,156.0,0.83,-2.8,-5.88,19.9,46.7,0,188.1,-744536.0,-11000.0,-297346.0,-48000.0,False,False,0.0,0.0,0.0,未通過,未通過
133,3062,建漢,30.7,0.54,-2.38,14.07,4.15,59.3,1,30.9,1459350.0,0.0,1238465.0,0.0,False,False,0.0,0.0,0.0,未通過,未通過
134,3031,佰鴻,32.35,0.93,4.02,38.46,5.84,80.2,0,22.7,-264000.0,0.0,-3015000.0,0.0,False,False,0.0,0.0,0.0,未通過,未通過
135,3036,文曄,229.5,1.07,0.88,-0.53,15.57,56.1,5,118.9,3650967.0,-3520349.0,8365996.0,-7924391.0,False,False,0.0,0.0,0.0,未通過,未通過
136,3037,欣興,618.0,0.27,3.52,18.02,49.59,63.1,2,23.3,3579485.0,-1385834.0,-25651567.0,27785166.0,False,False,0.0,0.0,0.0,未通過,未通過
137,3035,智原,149.5,1.59,-2.29,-1.03,5.36,47.5,6,-69.4,465105.0,0.0,628505.0,-1611.0,False,False,0.0,0.0,0.0,未通過,未通過
138,3034,聯詠,405.0,1.49,1.63,4.99,18.3,60.2,2,-9.6,1246502.0,-125680.0,1627809.0,-291318.0,False,False,0.0,0.0,0.0,未通過,未通過
139,3376,新日興,192.0,1.56,-3.27,-6.28,16.15,42.8,4,-9.6,145775.0,1000.0,-2767471.0,37000.0,False,False,0.0,0.0,0.0,未通過,未通過
140,3406,玉晶光,509.0,1.42,-1.74,14.27,18.03,70.6,0,14.3,-454159.0,-21000.0,1326826.0,560000.0,False,False,0.0,0.0,0.0,未通過,未通過
141,3413,京鼎,315.0,0.7,-2.17,3.18,6.35,55.9,0,26.8,-53991.0,-9000.0,692047.0,48000.0,False,False,0.0,0.0,0.0,未通過,未通過
142,3443,創意,3070.0,1.12,0.66,24.12,118.37,69.9,4,33.5,-147231.0,209421.0,88118.0,408853.0,False,False,0.0,0.0,0.0,未通過,未通過
143,3450,聯鈞,345.5,0.95,9.86,24.91,85.5,70.4,4,-25.6,2611897.0,0.0,6059275.0,793000.0,False,False,0.0,0.0,0.0,未通過,未通過
144,3481,群創,27.6,1.18,1.28,3.63,135.91,57.3,3,33.1,96176975.0,-299687.0,197425229.0,856145.0,False,False,0.0,0.0,0.0,未通過,未通過
145,3532,台勝科,193.5,1.51,8.1,37.6,21.76,74.1,6,15.8,1066565.0,845000.0,3291276.0,1676000.0,False,False,0.0,0.0,0.0,未通過,未通過
146,3533,嘉澤,2375.0,1.48,6.74,19.29,42.05,66.4,1,23.4,-23279.0,107648.0,90380.0,-127455.0,False,False,0.0,0.0,0.0,未通過,未通過
147,3535,晶彩科,129.0,0.3,-0.39,4.57,5.03,57.6,1,-9.3,13000.0,0.0,-2958461.0,0.0,False,False,0.0,0.0,0.0,未通過,未通過
148,3090,日電貿,107.0,1.24,0.47,12.45,13.05,66.6,5,34.1,1006000.0,-13911.0,4280157.0,-43820.0,False,False,0.0,0.0,0.0,未通過,未通過
149,3138,耀登,176.5,0.87,0.0,-0.65,5.75,49.9,0,32.1,-148689.0,0.0,178184.0,0.0,False,False,0.0,0.0,0.0,未通過,未通過
150,3149,正達,42.0,0.91,-2.33,-7.02,1.89,42.5,0,-25.1,-331000.0,0.0,544543.0,0.0,False,False,0.0,0.0,0.0,未通過,未通過
151,3167,大量,701.0,0.63,4.32,70.36,5.01,82.2,0,146.8,-39990.0,-2000.0,78269.0,-79000.0,False,False,0.0,0.0,0.0,未通過,未通過
152,3189,景碩,383.5,1.23,3.37,12.76,162.24,61.1,3,25.1,3957203.0,-761467.0,7961738.0,-3292665.0,False,False,0.0,0.0,0.0,未通過,未通過
153,3042,晶技,130.5,0.75,-2.25,33.16,26.94,82.7,1,2.7,3732894.0,-1091000.0,1525013.0,-1262000.0,False,False,0.0,0.0,0.0,未通過,未通過
154,3045,台灣大,110.0,1.08,0.0,1.12,8.32,62.8,16,5.8,3623123.0,-477615.0,12276108.0,-1229677.0,False,False,0.0,0.0,0.0,未通過,未通過
155,3661,世芯-KY,3210.0,0.96,0.31,4.6,60.46,55.6,7,-46.6,362363.0,58073.0,1041408.0,135500.0,False,False,0.0,0.0,0.0,未通過,未通過
156,3653,健策,4155.0,0.99,3.88,10.12,48.6,61.4,1,18.9,-30197.0,33640.0,-269702.0,37521.0,False,False,0.0,0.0,0.0,未通過,未通過
157,3673,TPK-KY,66.5,1.13,9.92,46.34,9.91,83.7,3,23.6,2576000.0,0.0,4931212.0,0.0,False,False,0.0,0.0,0.0,未通過,未通過
158,3665,貿聯-KY,2350.0,0.91,2.4,27.06,58.23,77.4,3,22.2,-278545.0,148671.0,-906078.0,622265.0,False,False,0.0,0.0,0.0,未通過,未通過
159,3706,神達,82.0,0.96,-0.49,2.33,10.85,55.4,0,43.2,-25362.0,-6000.0,42211.0,4000.0,False,False,0.0,0.0,0.0,未通過,未通過
160,3711,日月光投控,446.5,1.35,5.31,24.53,138.15,73.4,3,14.6,1348937.0,298353.0,-1748879.0,385760.0,False,False,0.0,0.0,0.0,未通過,未通過
161,3714,富采,69.1,0.18,9.86,42.78,5.22,73.6,0,-6.5,-756010.0,0.0,7476241.0,7000.0,False,False,0.0,0.0,0.0,未通過,未通過
162,3702,大聯大,97.5,1.12,1.04,12.35,25.83,72.1,7,28.6,8536420.0,-5311000.0,20930961.0,-13905000.0,False,False,0.0,0.0,0.0,未通過,未通過
163,3715,定穎投控,185.5,1.18,-0.54,7.13,52.48,55.9,0,41.9,-3734392.0,0.0,-7813473.0,-197000.0,False,False,0.0,0.0,0.0,未通過,未通過
164,4566,時碩工業,70.4,0.63,-3.03,18.08,2.11,66.7,2,12.6,272000.0,0.0,-190000.0,0.0,False,False,0.0,0.0,0.0,未通過,未通過
165,4576,大銀微系統,193.5,1.01,0.52,43.24,19.75,84.9,1,49.5,461990.0,0.0,894516.0,0.0,False,False,0.0,0.0,0.0,未通過,未通過
166,4720,德淵,22.15,1.56,7.79,25.99,3.24,73.1,0,25.2,-422000.0,-2005.0,-837700.0,-3007.0,False,False,0.0,0.0,0.0,未通過,未通過
167,4722,國精化,182.0,1.36,-0.55,3.95,6.68,55.3,0,-10.7,-200002.0,-1000.0,464997.0,-10000.0,False,False,0.0,0.0,0.0,未通過,未通過
168,4739,康普,87.4,0.83,-1.69,9.23,3.48,61.5,0,103.6,-2000.0,-4000.0,951550.0,-8000.0,False,False,0.0,0.0,0.0,未通過,未通過
169,4763,材料-KY,46.1,1.53,9.89,5.28,4.14,57.2,2,-35.6,839000.0,-341342.0,1100441.0,-1016684.0,False,False,0.0,0.0,0.0,未通過,未通過
170,4766,南寶,349.0,0.84,-2.24,6.75,5.57,58.1,0,17.4,-641660.0,-36000.0,-920538.0,-9699.0,False,False,0.0,0.0,0.0,未通過,未通過
171,4904,遠傳,95.3,1.09,1.06,2.44,6.68,59.1,7,3.6,1576180.0,2000.0,2876693.0,-1565787.0,False,False,0.0,0.0,0.0,未通過,未通過
172,4906,正文,39.55,0.69,0.64,17.7,16.49,63.2,1,-39.8,337350.0,-33161.0,-5808330.0,-67317.0,False,False,0.0,0.0,0.0,未通過,未通過
173,4919,新唐,107.0,1.59,-3.17,15.66,44.43,62.3,1,-6.1,-2593350.0,2000.0,3304820.0,1000.0,False,False,0.0,0.0,0.0,未通過,未通過
174,4927,泰鼎-KY,47.75,0.96,-5.82,8.15,11.71,58.6,0,-10.7,-5824965.0,0.0,2839115.0,0.0,False,False,0.0,0.0,0.0,未通過,未通過
175,4938,和碩,78.8,1.01,0.38,2.79,8.7,56.1,2,-0.8,1718416.0,-378534.0,-1833687.0,-1085067.0,False,False,0.0,0.0,0.0,未通過,未通過
176,4949,有成精密,89.0,1.0,-3.58,32.23,8.78,71.3,0,42.2,-1197010.0,0.0,-2384779.0,0.0,False,False,0.0,0.0,0.0,未通過,未通過
177,4956,光鋐,45.95,0.45,9.93,39.41,2.85,78.3,3,12.6,392000.0,0.0,3077001.0,0.0,False,False,0.0,0.0,0.0,未通過,未通過
178,4958,臻鼎-KY,251.5,0.72,0.0,18.96,59.22,64.0,1,7.2,236997.0,-572531.0,-11632503.0,-713748.0,False,False,0.0,0.0,0.0,未通過,未通過
179,4960,誠美材,28.05,1.18,10.0,21.78,9.18,67.2,1,-23.9,5079500.0,0.0,2294600.0,0.0,False,False,0.0,0.0,0.0,未通過,未通過
180,3563,牧德,921.0,0.87,1.21,22.22,23.74,72.4,1,11.1,186534.0,0.0,-628222.0,30000.0,False,False,0.0,0.0,0.0,未通過,未通過
181,3576,聯合再生,16.9,1.44,9.74,-22.29,7.39,40.4,5,-41.4,10114000.0,0.0,17436535.0,0.0,False,False,0.0,0.0,0.0,未通過,未通過
182,3583,辛耘,700.0,0.38,2.49,47.62,13.15,82.2,1,6.1,-135737.0,278918.0,-223158.0,319918.0,False,False,0.0,0.0,0.0,未通過,未通過
183,3596,智易,176.0,1.33,2.62,-4.26,3.79,48.2,3,1.6,965139.0,1000.0,1216239.0,3000.0,False,False,0.0,0.0,0.0,未通過,未通過
184,3645,達邁,93.5,1.31,5.17,20.08,23.96,70.3,0,23.8,-173219.0,0.0,3249631.0,0.0,False,False,0.0,0.0,0.0,未通過,未通過
185,3231,緯創,133.0,1.07,-2.56,2.46,53.14,53.6,0,117.7,-1547988.0,-728363.0,15291233.0,-2835806.0,False,False,0.0,0.0,0.0,未通過,未通過
186,3305,昇貿,119.0,0.94,-0.42,11.62,10.12,62.1,1,72.7,292300.0,0.0,-1535746.0,0.0,False,False,0.0,0.0,0.0,未通過,未通過
187,5284,jpp-KY,325.5,1.06,6.55,15.94,9.66,66.3,1,47.5,1166010.0,0.0,801050.0,0.0,False,False,0.0,0.0,0.0,未通過,未通過
188,5269,祥碩,1175.0,1.03,-1.26,0.27,10.58,51.6,1,39.9,-143261.0,8000.0,-9753.0,6730.0,False,False,0.0,0.0,0.0,未通過,未通過
189,5243,乙盛-KY,123.5,0.51,-2.76,45.19,3.67,80.9,0,-3.2,-132158.0,0.0,-60922.0,-1000.0,False,False,0.0,0.0,0.0,未通過,未通過
190,5234,達興材料,420.0,1.35,4.35,10.76,6.7,63.7,2,5.5,359930.0,-1000.0,406944.0,-100000.0,False,False,0.0,0.0,0.0,未通過,未通過
191,4989,榮科,98.3,0.43,9.96,38.92,18.39,79.6,2,54.0,3618900.0,0.0,6622377.0,0.0,False,False,0.0,0.0,0.0,未通過,未通過
192,4977,眾達-KY,195.0,1.06,3.45,6.41,26.75,56.8,1,-19.4,978074.0,0.0,-2254321.0,0.0,False,False,0.0,0.0,0.0,未通過,未通過
193,4967,十銓,216.0,0.73,-2.26,-1.26,11.49,48.4,0,120.5,-657005.0,-1000.0,-480359.0,-10000.0,False,False,0.0,0.0,0.0,未通過,未通過
194,5871,中租-KY,116.5,1.41,3.1,9.08,14.19,68.0,3,-2.9,6210464.0,-357424.0,12112604.0,-953759.0,False,False,0.0,0.0,0.0,未通過,未通過
195,6176,瑞儀,89.7,0.91,1.36,-4.3,3.38,34.2,1,-3.7,532000.0,-202001.0,-66920.0,-471545.0,False,False,0.0,0.0,0.0,未通過,未通過
196,6191,精成科,102.0,1.16,-2.39,6.73,13.87,55.7,2,78.2,-2997337.0,98000.0,-951630.0,-1353000.0,False,False,0.0,0.0,0.0,未通過,未通過
197,6196,帆宣,353.0,1.15,6.65,21.15,16.64,71.7,9,17.5,233790.0,-3783.0,1465494.0,-15783.0,False,False,0.0,0.0,0.0,未通過,未通過
198,6197,佳必琪,180.0,1.09,0.28,4.33,5.93,57.9,1,12.3,455000.0,0.0,-745421.0,-160000.0,False,False,0.0,0.0,0.0,未通過,未通過
199,6205,詮欣,69.0,1.42,0.73,22.42,3.42,69.3,1,-16.7,338000.0,-1000.0,506000.0,-8000.0,False,False,0.0,0.0,0.0,未通過,未通過
200,5469,瀚宇博,90.4,0.65,-2.16,5.76,3.15,55.8,0,47.4,-433999.0,-292000.0,-1955156.0,-449000.0,False,False,0.0,0.0,0.0,未通過,未通過
201,5388,中磊,82.5,0.32,0.98,4.42,2.86,55.2,1,86.5,545600.0,-200000.0,-476345.0,-14000.0,False,False,0.0,0.0,0.0,未通過,未通過
202,5434,崇越,412.0,0.73,2.74,21.34,4.8,76.6,4,30.6,531041.0,-6000.0,1492009.0,14651.0,False,False,0.0,0.0,0.0,未通過,未通過
203,6215,和椿,105.0,1.17,-1.41,1.74,2.68,52.8,0,48.6,-129000.0,0.0,-381500.0,0.0,False,False,0.0,0.0,0.0,未通過,未通過
204,6213,聯茂,229.5,1.58,2.46,44.06,123.57,76.0,0,13.8,-3185172.0,-11000.0,170436.0,-45000.0,False,False,0.0,0.0,0.0,未通過,未通過
205,6257,矽格,179.0,0.89,-1.65,23.33,31.64,73.4,1,16.7,1902190.0,-732000.0,5936.0,-860123.0,False,False,0.0,0.0,0.0,未通過,未通過
206,6239,力成,210.0,1.02,-3.45,2.33,33.33,50.2,0,35.2,-2075420.0,-1360402.0,-17700147.0,-2689587.0,False,False,0.0,0.0,0.0,未通過,未通過
207,6278,台表科,137.0,2.08,9.6,36.39,44.13,86.8,2,-2.6,3899049.0,-3903704.0,9233453.0,-6659407.0,False,False,0.0,0.0,0.0,未通過,未通過
208,6285,啟碁,243.0,1.11,8.48,31.63,123.18,68.0,2,3.8,12518125.0,877000.0,3794102.0,698000.0,False,False,0.0,0.0,0.0,未通過,未通過
209,6409,旭隼,801.0,1.52,9.88,4.54,11.93,54.9,2,-22.0,142589.0,-4000.0,202252.0,-4632.0,False,False,0.0,0.0,0.0,未通過,未通過
210,6414,樺漢,294.5,0.84,0.17,7.25,3.73,65.3,5,19.2,358650.0,-40000.0,1796253.0,12000.0,False,False,0.0,0.0,0.0,未通過,未通過
211,6415,矽力*-KY,275.0,0.77,2.04,-0.32,9.52,49.1,1,12.0,1006962.0,-217580.0,-263410.0,-537580.0,False,False,0.0,0.0,0.0,未通過,未通過
212,6426,統新,197.5,0.86,-0.75,23.88,8.36,61.5,0,70.0,-296655.0,0.0,-278960.0,0.0,False,False,0.0,0.0,0.0,未通過,未通過
213,6438,迅得,176.0,0.52,-2.22,6.51,3.78,58.1,0,15.7,-27500.0,0.0,-98546.0,109000.0,False,False,0.0,0.0,0.0,未通過,未通過
214,6442,光聖,2090.0,1.2,0.72,6.46,103.9,53.1,1,75.6,199900.0,-317705.0,-1178259.0,-640705.0,False,False,0.0,0.0,0.0,未通過,未通過
215,6443,元晶,40.7,0.63,10.0,-9.19,7.41,47.5,7,-63.7,2224109.0,0.0,8119035.0,0.0,False,False,0.0,0.0,0.0,未通過,未通過
216,6209,今國光,61.3,0.9,-2.39,13.07,3.72,61.3,0,75.6,-61000.0,-2000.0,616065.0,-18000.0,False,False,0.0,0.0,0.0,未通過,未通過
217,6139,亞翔,629.0,0.75,-0.94,10.61,38.08,59.6,2,47.5,302503.0,-36000.0,672857.0,-1616000.0,False,False,0.0,0.0,0.0,未通過,未通過
218,6005,群益證,28.1,1.22,0.54,-0.44,4.37,48.5,0,53.3,-4248577.0,-871477.0,-19723424.0,-199217.0,False,False,0.0,0.0,0.0,未通過,未通過
219,6505,台塑化,54.4,0.76,-3.2,-4.05,7.49,48.0,4,7.8,646326.0,-67993.0,13615902.0,-645218.0,False,False,0.0,0.0,0.0,未通過,未通過
220,6456,GIS-KY,70.1,3.46,9.87,18.06,25.6,68.1,1,-15.2,4110000.0,0.0,3185956.0,0.0,False,False,0.0,0.0,0.0,未通過,未通過
221,6451,訊芯-KY,456.0,0.13,-4.2,52.39,4.22,74.5,1,-25.4,52980.0,-412.0,-1122263.0,3588.0,False,False,0.0,0.0,0.0,未通過,未通過
222,6515,穎崴,9065.0,1.09,7.02,26.68,30.86,70.9,4,69.2,112695.0,28465.0,69172.0,172350.0,False,False,0.0,0.0,0.0,未通過,未通過
223,6672,騰輝電子-KY,155.5,1.03,2.98,28.58,12.51,75.2,1,32.7,1018001.0,0.0,-1225736.0,0.0,False,False,0.0,0.0,0.0,未通過,未通過
224,6691,洋基工程,638.0,0.78,0.63,5.11,4.21,59.8,2,112.7,176382.0,-10000.0,454682.0,-38000.0,False,False,0.0,0.0,0.0,未通過,未通過
225,6669,緯穎,3720.0,1.08,-0.93,-0.63,64.66,52.0,2,13.9,-217710.0,10166.0,-167734.0,131751.0,False,False,0.0,0.0,0.0,未通過,未通過
226,6531,愛普*,591.0,1.21,-2.48,17.9,64.94,65.8,0,112.6,-491928.0,-10000.0,742124.0,194264.0,False,False,0.0,0.0,0.0,未通過,未通過
227,6781,AES-KY,983.0,0.8,0.72,-3.37,8.41,43.3,1,25.6,119211.0,-32000.0,173629.0,-60000.0,False,False,0.0,0.0,0.0,未通過,未通過
228,6789,采鈺,410.0,1.58,0.74,20.54,58.31,71.0,2,6.2,-1288503.0,133614.0,-809343.0,136614.0,False,False,0.0,0.0,0.0,未通過,未通過
229,6805,富世達,1825.0,0.97,5.49,-0.42,39.37,51.6,4,95.0,334076.0,-240139.0,574690.0,-1067440.0,False,False,0.0,0.0,0.0,未通過,未通過
230,6830,汎銓,793.0,0.78,-0.88,60.75,3.31,84.1,5,22.9,11550.0,0.0,36550.0,0.0,False,False,0.0,0.0,0.0,未通過,未通過
231,6854,錼創科技-KY創,157.5,1.03,0.32,11.28,1.87,63.0,3,-29.8,5000.0,0.0,486750.0,0.0,False,False,0.0,0.0,0.0,未通過,未通過
232,6933,AMAX-KY,186.0,0.75,1.36,31.83,1.94,70.7,0,-13.7,-84000.0,0.0,-51050.0,0.0,False,False,0.0,0.0,0.0,未通過,未通過
233,6715,嘉基,430.0,0.7,9.97,32.48,7.17,67.7,2,9.6,39241.0,59000.0,-845000.0,722000.0,False,False,0.0,0.0,0.0,未通過,未通過
234,6770,力積電,53.2,0.87,-2.56,-13.65,55.26,40.0,0,28.3,-15919416.0,-13000.0,-32205913.0,-254000.0,False,False,0.0,0.0,0.0,未通過,未通過
235,6949,沛爾生醫-創,775.0,1.16,-0.9,30.04,3.81,77.4,4,74.5,47973.0,0.0,328573.0,0.0,False,False,0.0,0.0,0.0,未通過,未通過
236,6937,天虹,308.0,0.84,-1.6,16.25,4.17,67.2,0,26.6,-5000.0,-1000.0,-223000.0,-9000.0,False,False,0.0,0.0,0.0,未通過,未通過
237,8033,雷虎,137.0,1.43,0.0,-3.02,5.93,46.3,3,5.3,227310.0,0.0,1202430.0,0.0,False,False,0.0,0.0,0.0,未通過,未通過
238,8021,尖點,340.0,0.23,-2.86,29.89,13.15,69.8,1,51.4,24051.0,-872393.0,-1102154.0,-978393.0,False,False,0.0,0.0,0.0,未通過,未通過
239,8039,台虹,134.0,0.88,-2.19,13.59,30.38,65.3,0,10.5,-2559212.0,0.0,-4767069.0,4000.0,False,False,0.0,0.0,0.0,未通過,未通過
240,8046,南電,656.0,1.03,1.55,18.45,118.65,64.8,2,39.0,265339.0,88103.0,-1333602.0,213103.0,False,False,0.0,0.0,0.0,未通過,未通過
241,8110,華東,49.25,0.8,-0.61,-7.38,3.27,41.8,0,11.6,-978249.0,-6000.0,859151.0,-41000.0,False,False,0.0,0.0,0.0,未通過,未通過
242,8028,昇陽半導體,187.0,0.51,-2.35,1.14,14.3,50.6,0,25.6,-1536880.0,-3000.0,-4010188.0,-18000.0,False,False,0.0,0.0,0.0,未通過,未通過
243,8112,至上,83.4,0.87,1.21,2.42,12.17,55.0,4,191.7,1143000.0,667883.0,1654074.0,622767.0,False,False,0.0,0.0,0.0,未通過,未通過
244,8261,富鼎,109.0,0.93,-1.8,3.77,2.26,58.5,1,10.9,269198.0,-3000.0,663283.0,-3000.0,False,False,0.0,0.0,0.0,未通過,未通過
245,8271,宇瞻,159.5,0.76,0.0,2.2,10.43,54.4,0,292.7,-675000.0,-2000.0,-2981950.0,-12000.0,False,False,0.0,0.0,0.0,未通過,未通過
246,8438,昶昕,88.1,0.49,2.68,24.41,1.83,70.5,1,20.7,313000.0,0.0,-566662.0,-5000.0,False,False,0.0,0.0,0.0,未通過,未通過
247,8464,億豐,357.0,1.52,-5.31,-2.49,4.94,46.5,0,9.1,-420592.0,-16681.0,-141454.0,-16362.0,False,False,0.0,0.0,0.0,未通過,未通過
248,8996,高力,1100.0,0.35,-1.35,22.46,16.32,67.5,0,205.3,-166611.0,-15000.0,440874.0,292000.0,False,False,0.0,0.0,0.0,未通過,未通過
249,9904,寶成,28.05,0.65,0.0,-2.88,2.13,37.8,0,-11.1,-1059585.0,-1584556.0,-8957481.0,-2793109.0,False,False,0.0,0.0,0.0,未通過,未通過
250,9939,宏全,111.5,1.06,1.36,-5.41,3.42,36.9,3,-4.0,1486060.0,-43000.0,3025374.0,-38000.0,False,False,0.0,0.0,0.0,未通過,未通過
